url,file
https://live.staticflickr.com/8102/29615619052_96b4deb600_c.jpg,animal-a73e5381e4231bc39bf23f54be5f3a035330ef5356048221e3eb369c88f295e1.jpg
https://live.staticflickr.com/281/32343846501_b4421436b6_c.jpg,animal-2c524fe751664b6509a5ffbf4d308c47a584e62a05f24022982a0baad5804ccb.jpg
https://live.staticflickr.com/7526/15679091911_ae6e67030d_c.jpg,animal-1a149dcdede2355a0860847c5520168a41424a04e2a68f7c4e6b36f4f9275953.jpg
https://live.staticflickr.com/5161/5318859695_5bf5a99561_c.jpg,animal-101c908501fdde688f1d84a92d10b6527f12cff6cad7f89f2e82aae7196e2d6e.jpg
https://live.staticflickr.com/5482/10342719355_f7f9fc21c6_c.jpg,animal-c42f3f55cdd81390bd2fab8880ba5d9ea93b9bf4c5fc9e25685d2818de489bd1.jpg
https://live.staticflickr.com/4676/25690386427_8c2b3eaf76_c.jpg,animal-b4cf2c4d6dc10f6a17459d60fb5f6c5d2d32fa3f26574a9036b797f550d12213.jpg
https://live.staticflickr.com/7830/46550224945_577b036632_c.jpg,animal-c6963e08e87b0204774ce08b51f2e5a0b02edcb0220609574daa5df1e6f394c4.jpg
https://live.staticflickr.com/1729/41676479745_ae6d27ee9d_c.jpg,animal-455a7181a35eaf3afc9fda588a474ee433b7b9a475931067c4b51a1e8fada128.jpg
https://live.staticflickr.com/4446/37222497540_52d7f99934_c.jpg,animal-ff447c21fa4e42dc1bf5be01e4df400fe9f841e03666113fd0c531ba84edece5.jpg
https://live.staticflickr.com/3827/33074666080_abd7f9c140_c.jpg,animal-2c5701c49c85640537d73c3da0fe68a2da19f099bdaf73f8979387420363f06c.jpg
https://live.staticflickr.com/5791/30889143182_f1be7f69e3_c.jpg,animal-0a180e5c81f8f07e16fc502adfbd9bb4729a6191d5e5cb69b342bd980860a456.jpg
https://live.staticflickr.com/8044/8086453338_674d8422ce_c.jpg,animal-006f89f1b2fd2b9b22463af70e6817f2fe572203de25b8be6ed7cd48ff494b40.jpg
https://live.staticflickr.com/8043/8086458327_ce00256a57_c.jpg,animal-4281b705ec315e82811641e9648d933c017e7000f1ae837196e915ec1c50accd.jpg
https://live.staticflickr.com/8047/8086457189_6ce45832d6_c.jpg,animal-42aeb043c9844388e1a15624fec4bcbffcc6012ce1f33acd8a3aa74a5ce25c73.jpg
https://live.staticflickr.com/8335/8086459588_46aae939c8_c.jpg,animal-cd4324501ca0df81263337add43c46c86a6dda9cabceacbc9eb14272b41746c9.jpg
